Task 1 Pronoun vs Short Definite Noun Recipients,,,,,Task 2: Short Definite Noun vs Short Indefinite Noun Recipients,,,,,Task 3: Short Definite Noun vs Long Definite Noun Recipients,,,,,Task 4: Short Definite Noun vs Long Indefinite Noun Recipients,,,
Pronoun DO,Pronoun PD,Short Definite Noun DO,Short Definite Noun PD,,Short Definite Noun DO,Short Definite Noun DO,Short Indefinite Noun DO,Short Indefinite Noun PD,,Short Definite Noun DO,Short Definite Noun PD,Long Definite Noun DO,Long Definite Noun PD,,Short Definite Noun DO,Short Definite Noun PD,Long Indefinite Noun DO,Long Indefinite Noun PD
[CLS] the man brought her the box . [SEP],[CLS] the man brought the box to her . [SEP],[CLS] the man brought the woman the box . [SEP],[CLS] the man brought the box to the woman . [SEP],,[CLS] the man brought the woman the box . [SEP],[CLS] the man brought the box to the woman . [SEP],[CLS] the man brought a woman the box . [SEP],[CLS] the man brought the box to a woman . [SEP],,[CLS] the man brought the woman the box . [SEP],[CLS] the man brought the box to the woman . [SEP],[CLS] the man brought the friend from childhood the box . [SEP],[CLS] the man brought the box to the friend from childhood . [SEP],,[CLS] the man brought the woman the box . [SEP],[CLS] the man brought the box to the woman . [SEP],[CLS] the man brought a friend from childhood the box . [SEP],[CLS] the man brought the box to a friend from childhood . [SEP]
[CLS] the woman brought him the box . [SEP],[CLS] the woman brought the box to him . [SEP],[CLS] the woman brought the man the box . [SEP],[CLS] the woman brought the box to the man . [SEP],,[CLS] the woman brought the man the box . [SEP],[CLS] the woman brought the box to the man . [SEP],[CLS] the woman brought a man the box . [SEP],[CLS] the woman brought the box to a man . [SEP],,[CLS] the woman brought the man the box . [SEP],[CLS] the woman brought the box to the man . [SEP],[CLS] the woman brought the friend from childhood the box . [SEP],[CLS] the woman brought the box to the friend from childhood . [SEP],,[CLS] the woman brought the man the box . [SEP],[CLS] the woman brought the box to the man . [SEP],[CLS] the woman brought a friend from childhood the box . [SEP],[CLS] the woman brought the box to a friend from childhood . [SEP]
[CLS] the man took her the box . [SEP],[CLS] the man took the box to her . [SEP],[CLS] the man took the woman the box . [SEP],[CLS] the man took the box to the woman . [SEP],,[CLS] the man took the woman the box . [SEP],[CLS] the man took the box to the woman . [SEP],[CLS] the man took a woman the box . [SEP],[CLS] the man took the box to a woman . [SEP],,[CLS] the man took the woman the box . [SEP],[CLS] the man took the box to the woman . [SEP],[CLS] the man took the friend from childhood the box . [SEP],[CLS] the man took the box to the friend from childhood . [SEP],,[CLS] the man took the woman the box . [SEP],[CLS] the man took the box to the woman . [SEP],[CLS] the man took a friend from childhood the box . [SEP],[CLS] the man took the box to a friend from childhood . [SEP]
[CLS] the woman took him the box . [SEP],[CLS] the woman took the box to him . [SEP],[CLS] the woman took the man the box . [SEP],[CLS] the woman took the box to the man . [SEP],,[CLS] the woman took the man the box . [SEP],[CLS] the woman took the box to the man . [SEP],[CLS] the woman took a man the box . [SEP],[CLS] the woman took the box to a man . [SEP],,[CLS] the woman took the man the box . [SEP],[CLS] the woman took the box to the man . [SEP],[CLS] the woman took the friend from childhood the box . [SEP],[CLS] the woman took the box to the friend from childhood . [SEP],,[CLS] the woman took the man the box . [SEP],[CLS] the woman took the box to the man . [SEP],[CLS] the woman took a friend from childhood the box . [SEP],[CLS] the woman took the box to a friend from childhood . [SEP]
[CLS] the man carried her the box . [SEP],[CLS] the man carried the box to her . [SEP],[CLS] the man carried the woman the box . [SEP],[CLS] the man carried the box to the woman . [SEP],,[CLS] the man carried the woman the box . [SEP],[CLS] the man carried the box to the woman . [SEP],[CLS] the man carried a woman the box . [SEP],[CLS] the man carried the box to a woman . [SEP],,[CLS] the man carried the woman the box . [SEP],[CLS] the man carried the box to the woman . [SEP],[CLS] the man carried the friend from childhood the box . [SEP],[CLS] the man carried the box to the friend from childhood . [SEP],,[CLS] the man carried the woman the box . [SEP],[CLS] the man carried the box to the woman . [SEP],[CLS] the man carried a friend from childhood the box . [SEP],[CLS] the man carried the box to a friend from childhood . [SEP]
[CLS] the woman carried him the box . [SEP],[CLS] the woman carried the box to him . [SEP],[CLS] the woman carried the man the box . [SEP],[CLS] the woman carried the box to the man . [SEP],,[CLS] the woman carried the man the box . [SEP],[CLS] the woman carried the box to the man . [SEP],[CLS] the woman carried a man the box . [SEP],[CLS] the woman carried the box to a man . [SEP],,[CLS] the woman carried the man the box . [SEP],[CLS] the woman carried the box to the man . [SEP],[CLS] the woman carried the friend from childhood the box . [SEP],[CLS] the woman carried the box to the friend from childhood . [SEP],,[CLS] the woman carried the man the box . [SEP],[CLS] the woman carried the box to the man . [SEP],[CLS] the woman carried a friend from childhood the box . [SEP],[CLS] the woman carried the box to a friend from childhood . [SEP]
[CLS] the man dragged her the box . [SEP],[CLS] the man dragged the box to her . [SEP],[CLS] the man dragged the woman the box . [SEP],[CLS] the man dragged the box to the woman . [SEP],,[CLS] the man dragged the woman the box . [SEP],[CLS] the man dragged the box to the woman . [SEP],[CLS] the man dragged a woman the box . [SEP],[CLS] the man dragged the box to a woman . [SEP],,[CLS] the man dragged the woman the box . [SEP],[CLS] the man dragged the box to the woman . [SEP],[CLS] the man dragged the friend from childhood the box . [SEP],[CLS] the man dragged the box to the friend from childhood . [SEP],,[CLS] the man dragged the woman the box . [SEP],[CLS] the man dragged the box to the woman . [SEP],[CLS] the man dragged a friend from childhood the box . [SEP],[CLS] the man dragged the box to a friend from childhood . [SEP]
[CLS] the woman dragged him the box . [SEP],[CLS] the woman dragged the box to him . [SEP],[CLS] the woman dragged the man the box . [SEP],[CLS] the woman dragged the box to the man . [SEP],,[CLS] the woman dragged the man the box . [SEP],[CLS] the woman dragged the box to the man . [SEP],[CLS] the woman dragged a man the box . [SEP],[CLS] the woman dragged the box to a man . [SEP],,[CLS] the woman dragged the man the box . [SEP],[CLS] the woman dragged the box to the man . [SEP],[CLS] the woman dragged the friend from childhood the box . [SEP],[CLS] the woman dragged the box to the friend from childhood . [SEP],,[CLS] the woman dragged the man the box . [SEP],[CLS] the woman dragged the box to the man . [SEP],[CLS] the woman dragged a friend from childhood the box . [SEP],[CLS] the woman dragged the box to a friend from childhood . [SEP]
[CLS] the man pulled her the box . [SEP],[CLS] the man pulled the box to her . [SEP],[CLS] the man pulled the woman the box . [SEP],[CLS] the man pulled the box to the woman . [SEP],,[CLS] the man pulled the woman the box . [SEP],[CLS] the man pulled the box to the woman . [SEP],[CLS] the man pulled a woman the box . [SEP],[CLS] the man pulled the box to a woman . [SEP],,[CLS] the man pulled the woman the box . [SEP],[CLS] the man pulled the box to the woman . [SEP],[CLS] the man pulled the friend from childhood the box . [SEP],[CLS] the man pulled the box to the friend from childhood . [SEP],,[CLS] the man pulled the woman the box . [SEP],[CLS] the man pulled the box to the woman . [SEP],[CLS] the man pulled a friend from childhood the box . [SEP],[CLS] the man pulled the box to a friend from childhood . [SEP]
[CLS] the woman pulled him the box . [SEP],[CLS] the woman pulled the box to him . [SEP],[CLS] the woman pulled the man the box . [SEP],[CLS] the woman pulled the box to the man . [SEP],,[CLS] the woman pulled the man the box . [SEP],[CLS] the woman pulled the box to the man . [SEP],[CLS] the woman pulled a man the box . [SEP],[CLS] the woman pulled the box to a man . [SEP],,[CLS] the woman pulled the man the box . [SEP],[CLS] the woman pulled the box to the man . [SEP],[CLS] the woman pulled the friend from childhood the box . [SEP],[CLS] the woman pulled the box to the friend from childhood . [SEP],,[CLS] the woman pulled the man the box . [SEP],[CLS] the woman pulled the box to the man . [SEP],[CLS] the woman pulled a friend from childhood the box . [SEP],[CLS] the woman pulled the box to a friend from childhood . [SEP]
[CLS] the man pushed her the box . [SEP],[CLS] the man pushed the box to her . [SEP],[CLS] the man pushed the woman the box . [SEP],[CLS] the man pushed the box to the woman . [SEP],,[CLS] the man pushed the woman the box . [SEP],[CLS] the man pushed the box to the woman . [SEP],[CLS] the man pushed a woman the box . [SEP],[CLS] the man pushed the box to a woman . [SEP],,[CLS] the man pushed the woman the box . [SEP],[CLS] the man pushed the box to the woman . [SEP],[CLS] the man pushed the friend from childhood the box . [SEP],[CLS] the man pushed the box to the friend from childhood . [SEP],,[CLS] the man pushed the woman the box . [SEP],[CLS] the man pushed the box to the woman . [SEP],[CLS] the man pushed a friend from childhood the box . [SEP],[CLS] the man pushed the box to a friend from childhood . [SEP]
[CLS] the woman pushed him the box . [SEP],[CLS] the woman pushed the box to him . [SEP],[CLS] the woman pushed the man the box . [SEP],[CLS] the woman pushed the box to the man . [SEP],,[CLS] the woman pushed the man the box . [SEP],[CLS] the woman pushed the box to the man . [SEP],[CLS] the woman pushed a man the box . [SEP],[CLS] the woman pushed the box to a man . [SEP],,[CLS] the woman pushed the man the box . [SEP],[CLS] the woman pushed the box to the man . [SEP],[CLS] the woman pushed the friend from childhood the box . [SEP],[CLS] the woman pushed the box to the friend from childhood . [SEP],,[CLS] the woman pushed the man the box . [SEP],[CLS] the woman pushed the box to the man . [SEP],[CLS] the woman pushed a friend from childhood the box . [SEP],[CLS] the woman pushed the box to a friend from childhood . [SEP]
[CLS] the man phoned her the news . [SEP],[CLS] the man phoned the news to her . [SEP],[CLS] the man phoned the woman the news . [SEP],[CLS] the man phoned the news to the woman . [SEP],,[CLS] the man phoned the woman the news . [SEP],[CLS] the man phoned the news to the woman . [SEP],[CLS] the man phoned a woman the news . [SEP],[CLS] the man phoned the news to a woman . [SEP],,[CLS] the man phoned the woman the news . [SEP],[CLS] the man phoned the news to the woman . [SEP],[CLS] the man phoned the friend from childhood the news . [SEP],[CLS] the man phoned the news to the friend from childhood . [SEP],,[CLS] the man phoned the woman the news . [SEP],[CLS] the man phoned the news to the woman . [SEP],[CLS] the man phoned a friend from childhood the news . [SEP],[CLS] the man phoned the news to a friend from childhood . [SEP]
[CLS] the woman phoned him the news . [SEP],[CLS] the woman phoned the news to him . [SEP],[CLS] the woman phoned the man the news . [SEP],[CLS] the woman phoned the news to the man . [SEP],,[CLS] the woman phoned the man the news . [SEP],[CLS] the woman phoned the news to the man . [SEP],[CLS] the woman phoned a man the news . [SEP],[CLS] the woman phoned the news to a man . [SEP],,[CLS] the woman phoned the man the news . [SEP],[CLS] the woman phoned the news to the man . [SEP],[CLS] the woman phoned the friend from childhood the news . [SEP],[CLS] the woman phoned the news to the friend from childhood . [SEP],,[CLS] the woman phoned the man the news . [SEP],[CLS] the woman phoned the news to the man . [SEP],[CLS] the woman phoned a friend from childhood the news . [SEP],[CLS] the woman phoned the news to a friend from childhood . [SEP]
[CLS] the man telephoned her the news . [SEP],[CLS] the man telephoned the news to her . [SEP],[CLS] the man telephoned the woman the news . [SEP],[CLS] the man telephoned the news to the woman . [SEP],,[CLS] the man telephoned the woman the news . [SEP],[CLS] the man telephoned the news to the woman . [SEP],[CLS] the man telephoned a woman the news . [SEP],[CLS] the man telephoned the news to a woman . [SEP],,[CLS] the man telephoned the woman the news . [SEP],[CLS] the man telephoned the news to the woman . [SEP],[CLS] the man telephoned the friend from childhood the news . [SEP],[CLS] the man telephoned the news to the friend from childhood . [SEP],,[CLS] the man telephoned the woman the news . [SEP],[CLS] the man telephoned the news to the woman . [SEP],[CLS] the man telephoned a friend from childhood the news . [SEP],[CLS] the man telephoned the news to a friend from childhood . [SEP]
[CLS] the woman telephoned him the news . [SEP],[CLS] the woman telephoned the news to him . [SEP],[CLS] the woman telephoned the man the news . [SEP],[CLS] the woman telephoned the news to the man . [SEP],,[CLS] the woman telephoned the man the news . [SEP],[CLS] the woman telephoned the news to the man . [SEP],[CLS] the woman telephoned a man the news . [SEP],[CLS] the woman telephoned the news to a man . [SEP],,[CLS] the woman telephoned the man the news . [SEP],[CLS] the woman telephoned the news to the man . [SEP],[CLS] the woman telephoned the friend from childhood the news . [SEP],[CLS] the woman telephoned the news to the friend from childhood . [SEP],,[CLS] the woman telephoned the man the news . [SEP],[CLS] the woman telephoned the news to the man . [SEP],[CLS] the woman telephoned a friend from childhood the news . [SEP],[CLS] the woman telephoned the news to a friend from childhood . [SEP]
[CLS] the man fed her the food . [SEP],[CLS] the man fed the food to her . [SEP],[CLS] the man fed the woman the food . [SEP],[CLS] the man fed the food to the woman . [SEP],,[CLS] the man fed the woman the food . [SEP],[CLS] the man fed the food to the woman . [SEP],[CLS] the man fed a woman the food . [SEP],[CLS] the man fed the food to a woman . [SEP],,[CLS] the man fed the woman the food . [SEP],[CLS] the man fed the food to the woman . [SEP],[CLS] the man fed the friend from childhood the food . [SEP],[CLS] the man fed the food to the friend from childhood . [SEP],,[CLS] the man fed the woman the food . [SEP],[CLS] the man fed the food to the woman . [SEP],[CLS] the man fed a friend from childhood the food . [SEP],[CLS] the man fed the food to a friend from childhood . [SEP]
[CLS] the woman fed him the food . [SEP],[CLS] the woman fed the food to him . [SEP],[CLS] the woman fed the man the food . [SEP],[CLS] the woman fed the food to the man . [SEP],,[CLS] the woman fed the man the food . [SEP],[CLS] the woman fed the food to the man . [SEP],[CLS] the woman fed a man the food . [SEP],[CLS] the woman fed the food to a man . [SEP],,[CLS] the woman fed the man the food . [SEP],[CLS] the woman fed the food to the man . [SEP],[CLS] the woman fed the friend from childhood the food . [SEP],[CLS] the woman fed the food to the friend from childhood . [SEP],,[CLS] the woman fed the man the food . [SEP],[CLS] the woman fed the food to the man . [SEP],[CLS] the woman fed a friend from childhood the food . [SEP],[CLS] the woman fed the food to a friend from childhood . [SEP]
[CLS] the man gave her the money . [SEP],[CLS] the man gave the money to her . [SEP],[CLS] the man gave the woman the money . [SEP],[CLS] the man gave the money to the woman . [SEP],,[CLS] the man gave the woman the money . [SEP],[CLS] the man gave the money to the woman . [SEP],[CLS] the man gave a woman the money . [SEP],[CLS] the man gave the money to a woman . [SEP],,[CLS] the man gave the woman the money . [SEP],[CLS] the man gave the money to the woman . [SEP],[CLS] the man gave the friend from childhood the money . [SEP],[CLS] the man gave the money to the friend from childhood . [SEP],,[CLS] the man gave the woman the money . [SEP],[CLS] the man gave the money to the woman . [SEP],[CLS] the man gave a friend from childhood the money . [SEP],[CLS] the man gave the money to a friend from childhood . [SEP]
[CLS] the woman gave him the money . [SEP],[CLS] the woman gave the money to him . [SEP],[CLS] the woman gave the man the money . [SEP],[CLS] the woman gave the money to the man . [SEP],,[CLS] the woman gave the man the money . [SEP],[CLS] the woman gave the money to the man . [SEP],[CLS] the woman gave a man the money . [SEP],[CLS] the woman gave the money to a man . [SEP],,[CLS] the woman gave the man the money . [SEP],[CLS] the woman gave the money to the man . [SEP],[CLS] the woman gave the friend from childhood the money . [SEP],[CLS] the woman gave the money to the friend from childhood . [SEP],,[CLS] the woman gave the man the money . [SEP],[CLS] the woman gave the money to the man . [SEP],[CLS] the woman gave a friend from childhood the money . [SEP],[CLS] the woman gave the money to a friend from childhood . [SEP]
[CLS] the man leased her the money . [SEP],[CLS] the man leased the money to her . [SEP],[CLS] the man leased the woman the money . [SEP],[CLS] the man leased the money to the woman . [SEP],,[CLS] the man leased the woman the money . [SEP],[CLS] the man leased the money to the woman . [SEP],[CLS] the man leased a woman the money . [SEP],[CLS] the man leased the money to a woman . [SEP],,[CLS] the man leased the woman the money . [SEP],[CLS] the man leased the money to the woman . [SEP],[CLS] the man leased the friend from childhood the money . [SEP],[CLS] the man leased the money to the friend from childhood . [SEP],,[CLS] the man leased the woman the money . [SEP],[CLS] the man leased the money to the woman . [SEP],[CLS] the man leased a friend from childhood the money . [SEP],[CLS] the man leased the money to a friend from childhood . [SEP]
[CLS] the woman leased him the money . [SEP],[CLS] the woman leased the money to him . [SEP],[CLS] the woman leased the man the money . [SEP],[CLS] the woman leased the money to the man . [SEP],,[CLS] the woman leased the man the money . [SEP],[CLS] the woman leased the money to the man . [SEP],[CLS] the woman leased a man the money . [SEP],[CLS] the woman leased the money to a man . [SEP],,[CLS] the woman leased the man the money . [SEP],[CLS] the woman leased the money to the man . [SEP],[CLS] the woman leased the friend from childhood the money . [SEP],[CLS] the woman leased the money to the friend from childhood . [SEP],,[CLS] the woman leased the man the money . [SEP],[CLS] the woman leased the money to the man . [SEP],[CLS] the woman leased a friend from childhood the money . [SEP],[CLS] the woman leased the money to a friend from childhood . [SEP]
[CLS] the man lent her the land . [SEP],[CLS] the man lent the land to her . [SEP],[CLS] the man lent the woman the land . [SEP],[CLS] the man lent the land to the woman . [SEP],,[CLS] the man lent the woman the land . [SEP],[CLS] the man lent the land to the woman . [SEP],[CLS] the man lent a woman the land . [SEP],[CLS] the man lent the land to a woman . [SEP],,[CLS] the man lent the woman the land . [SEP],[CLS] the man lent the land to the woman . [SEP],[CLS] the man lent the friend from childhood the land . [SEP],[CLS] the man lent the land to the friend from childhood . [SEP],,[CLS] the man lent the woman the land . [SEP],[CLS] the man lent the land to the woman . [SEP],[CLS] the man lent a friend from childhood the land . [SEP],[CLS] the man lent the land to a friend from childhood . [SEP]
[CLS] the woman lent him the land . [SEP],[CLS] the woman lent the land to him . [SEP],[CLS] the woman lent the man the land . [SEP],[CLS] the woman lent the land to the man . [SEP],,[CLS] the woman lent the man the land . [SEP],[CLS] the woman lent the land to the man . [SEP],[CLS] the woman lent a man the land . [SEP],[CLS] the woman lent the land to a man . [SEP],,[CLS] the woman lent the man the land . [SEP],[CLS] the woman lent the land to the man . [SEP],[CLS] the woman lent the friend from childhood the land . [SEP],[CLS] the woman lent the land to the friend from childhood . [SEP],,[CLS] the woman lent the man the land . [SEP],[CLS] the woman lent the land to the man . [SEP],[CLS] the woman lent a friend from childhood the land . [SEP],[CLS] the woman lent the land to a friend from childhood . [SEP]
[CLS] the man loaned her the land . [SEP],[CLS] the man loaned the land to her . [SEP],[CLS] the man loaned the woman the land . [SEP],[CLS] the man loaned the land to the woman . [SEP],,[CLS] the man loaned the woman the land . [SEP],[CLS] the man loaned the land to the woman . [SEP],[CLS] the man loaned a woman the land . [SEP],[CLS] the man loaned the land to a woman . [SEP],,[CLS] the man loaned the woman the land . [SEP],[CLS] the man loaned the land to the woman . [SEP],[CLS] the man loaned the friend from childhood the land . [SEP],[CLS] the man loaned the land to the friend from childhood . [SEP],,[CLS] the man loaned the woman the land . [SEP],[CLS] the man loaned the land to the woman . [SEP],[CLS] the man loaned a friend from childhood the land . [SEP],[CLS] the man loaned the land to a friend from childhood . [SEP]
[CLS] the woman loaned him the land . [SEP],[CLS] the woman loaned the land to him . [SEP],[CLS] the woman loaned the man the land . [SEP],[CLS] the woman loaned the land to the man . [SEP],,[CLS] the woman loaned the man the land . [SEP],[CLS] the woman loaned the land to the man . [SEP],[CLS] the woman loaned a man the land . [SEP],[CLS] the woman loaned the land to a man . [SEP],,[CLS] the woman loaned the man the land . [SEP],[CLS] the woman loaned the land to the man . [SEP],[CLS] the woman loaned the friend from childhood the land . [SEP],[CLS] the woman loaned the land to the friend from childhood . [SEP],,[CLS] the woman loaned the man the land . [SEP],[CLS] the woman loaned the land to the man . [SEP],[CLS] the woman loaned a friend from childhood the land . [SEP],[CLS] the woman loaned the land to a friend from childhood . [SEP]
[CLS] the man passed her the salt . [SEP],[CLS] the man passed the salt to her . [SEP],[CLS] the man passed the woman the salt . [SEP],[CLS] the man passed the salt to the woman . [SEP],,[CLS] the man passed the woman the salt . [SEP],[CLS] the man passed the salt to the woman . [SEP],[CLS] the man passed a woman the salt . [SEP],[CLS] the man passed the salt to a woman . [SEP],,[CLS] the man passed the woman the salt . [SEP],[CLS] the man passed the salt to the woman . [SEP],[CLS] the man passed the friend from childhood the salt . [SEP],[CLS] the man passed the salt to the friend from childhood . [SEP],,[CLS] the man passed the woman the salt . [SEP],[CLS] the man passed the salt to the woman . [SEP],[CLS] the man passed a friend from childhood the salt . [SEP],[CLS] the man passed the salt to a friend from childhood . [SEP]
[CLS] the woman passed him the salt . [SEP],[CLS] the woman passed the salt to him . [SEP],[CLS] the woman passed the man the salt . [SEP],[CLS] the woman passed the salt to the man . [SEP],,[CLS] the woman passed the man the salt . [SEP],[CLS] the woman passed the salt to the man . [SEP],[CLS] the woman passed a man the salt . [SEP],[CLS] the woman passed the salt to a man . [SEP],,[CLS] the woman passed the man the salt . [SEP],[CLS] the woman passed the salt to the man . [SEP],[CLS] the woman passed the friend from childhood the salt . [SEP],[CLS] the woman passed the salt to the friend from childhood . [SEP],,[CLS] the woman passed the man the salt . [SEP],[CLS] the woman passed the salt to the man . [SEP],[CLS] the woman passed a friend from childhood the salt . [SEP],[CLS] the woman passed the salt to a friend from childhood . [SEP]
[CLS] the man paid her the money . [SEP],[CLS] the man paid the money to her . [SEP],[CLS] the man paid the woman the money . [SEP],[CLS] the man paid the money to the woman . [SEP],,[CLS] the man paid the woman the money . [SEP],[CLS] the man paid the money to the woman . [SEP],[CLS] the man paid a woman the money . [SEP],[CLS] the man paid the money to a woman . [SEP],,[CLS] the man paid the woman the money . [SEP],[CLS] the man paid the money to the woman . [SEP],[CLS] the man paid the friend from childhood the money . [SEP],[CLS] the man paid the money to the friend from childhood . [SEP],,[CLS] the man paid the woman the money . [SEP],[CLS] the man paid the money to the woman . [SEP],[CLS] the man paid a friend from childhood the money . [SEP],[CLS] the man paid the money to a friend from childhood . [SEP]
[CLS] the woman paid him the money . [SEP],[CLS] the woman paid the money to him . [SEP],[CLS] the woman paid the man the money . [SEP],[CLS] the woman paid the money to the man . [SEP],,[CLS] the woman paid the man the money . [SEP],[CLS] the woman paid the money to the man . [SEP],[CLS] the woman paid a man the money . [SEP],[CLS] the woman paid the money to a man . [SEP],,[CLS] the woman paid the man the money . [SEP],[CLS] the woman paid the money to the man . [SEP],[CLS] the woman paid the friend from childhood the money . [SEP],[CLS] the woman paid the money to the friend from childhood . [SEP],,[CLS] the woman paid the man the money . [SEP],[CLS] the woman paid the money to the man . [SEP],[CLS] the woman paid a friend from childhood the money . [SEP],[CLS] the woman paid the money to a friend from childhood . [SEP]
[CLS] the man rented her the money . [SEP],[CLS] the man rented the money to her . [SEP],[CLS] the man rented the woman the money . [SEP],[CLS] the man rented the money to the woman . [SEP],,[CLS] the man rented the woman the money . [SEP],[CLS] the man rented the money to the woman . [SEP],[CLS] the man rented a woman the money . [SEP],[CLS] the man rented the money to a woman . [SEP],,[CLS] the man rented the woman the money . [SEP],[CLS] the man rented the money to the woman . [SEP],[CLS] the man rented the friend from childhood the money . [SEP],[CLS] the man rented the money to the friend from childhood . [SEP],,[CLS] the man rented the woman the money . [SEP],[CLS] the man rented the money to the woman . [SEP],[CLS] the man rented a friend from childhood the money . [SEP],[CLS] the man rented the money to a friend from childhood . [SEP]
[CLS] the woman rented him the money . [SEP],[CLS] the woman rented the money to him . [SEP],[CLS] the woman rented the man the money . [SEP],[CLS] the woman rented the money to the man . [SEP],,[CLS] the woman rented the man the money . [SEP],[CLS] the woman rented the money to the man . [SEP],[CLS] the woman rented a man the money . [SEP],[CLS] the woman rented the money to a man . [SEP],,[CLS] the woman rented the man the money . [SEP],[CLS] the woman rented the money to the man . [SEP],[CLS] the woman rented the friend from childhood the money . [SEP],[CLS] the woman rented the money to the friend from childhood . [SEP],,[CLS] the woman rented the man the money . [SEP],[CLS] the woman rented the money to the man . [SEP],[CLS] the woman rented a friend from childhood the money . [SEP],[CLS] the woman rented the money to a friend from childhood . [SEP]
[CLS] the man repaid her the money . [SEP],[CLS] the man repaid the money to her . [SEP],[CLS] the man repaid the woman the money . [SEP],[CLS] the man repaid the money to the woman . [SEP],,[CLS] the man repaid the woman the money . [SEP],[CLS] the man repaid the money to the woman . [SEP],[CLS] the man repaid a woman the money . [SEP],[CLS] the man repaid the money to a woman . [SEP],,[CLS] the man repaid the woman the money . [SEP],[CLS] the man repaid the money to the woman . [SEP],[CLS] the man repaid the friend from childhood the money . [SEP],[CLS] the man repaid the money to the friend from childhood . [SEP],,[CLS] the man repaid the woman the money . [SEP],[CLS] the man repaid the money to the woman . [SEP],[CLS] the man repaid a friend from childhood the money . [SEP],[CLS] the man repaid the money to a friend from childhood . [SEP]
[CLS] the woman repaid him the money . [SEP],[CLS] the woman repaid the money to him . [SEP],[CLS] the woman repaid the man the money . [SEP],[CLS] the woman repaid the money to the man . [SEP],,[CLS] the woman repaid the man the money . [SEP],[CLS] the woman repaid the money to the man . [SEP],[CLS] the woman repaid a man the money . [SEP],[CLS] the woman repaid the money to a man . [SEP],,[CLS] the woman repaid the man the money . [SEP],[CLS] the woman repaid the money to the man . [SEP],[CLS] the woman repaid the friend from childhood the money . [SEP],[CLS] the woman repaid the money to the friend from childhood . [SEP],,[CLS] the woman repaid the man the money . [SEP],[CLS] the woman repaid the money to the man . [SEP],[CLS] the woman repaid a friend from childhood the money . [SEP],[CLS] the woman repaid the money to a friend from childhood . [SEP]
[CLS] the man sold her the land . [SEP],[CLS] the man sold the land to her . [SEP],[CLS] the man sold the woman the land . [SEP],[CLS] the man sold the land to the woman . [SEP],,[CLS] the man sold the woman the land . [SEP],[CLS] the man sold the land to the woman . [SEP],[CLS] the man sold a woman the land . [SEP],[CLS] the man sold the land to a woman . [SEP],,[CLS] the man sold the woman the land . [SEP],[CLS] the man sold the land to the woman . [SEP],[CLS] the man sold the friend from childhood the land . [SEP],[CLS] the man sold the land to the friend from childhood . [SEP],,[CLS] the man sold the woman the land . [SEP],[CLS] the man sold the land to the woman . [SEP],[CLS] the man sold a friend from childhood the land . [SEP],[CLS] the man sold the land to a friend from childhood . [SEP]
[CLS] the woman sold him the land . [SEP],[CLS] the woman sold the land to him . [SEP],[CLS] the woman sold the man the land . [SEP],[CLS] the woman sold the land to the man . [SEP],,[CLS] the woman sold the man the land . [SEP],[CLS] the woman sold the land to the man . [SEP],[CLS] the woman sold a man the land . [SEP],[CLS] the woman sold the land to a man . [SEP],,[CLS] the woman sold the man the land . [SEP],[CLS] the woman sold the land to the man . [SEP],[CLS] the woman sold the friend from childhood the land . [SEP],[CLS] the woman sold the land to the friend from childhood . [SEP],,[CLS] the woman sold the man the land . [SEP],[CLS] the woman sold the land to the man . [SEP],[CLS] the woman sold a friend from childhood the land . [SEP],[CLS] the woman sold the land to a friend from childhood . [SEP]
[CLS] the man served her the dish . [SEP],[CLS] the man served the dish to her . [SEP],[CLS] the man served the woman the dish . [SEP],[CLS] the man served the dish to the woman . [SEP],,[CLS] the man served the woman the dish . [SEP],[CLS] the man served the dish to the woman . [SEP],[CLS] the man served a woman the dish . [SEP],[CLS] the man served the dish to a woman . [SEP],,[CLS] the man served the woman the dish . [SEP],[CLS] the man served the dish to the woman . [SEP],[CLS] the man served the friend from childhood the dish . [SEP],[CLS] the man served the dish to the friend from childhood . [SEP],,[CLS] the man served the woman the dish . [SEP],[CLS] the man served the dish to the woman . [SEP],[CLS] the man served a friend from childhood the dish . [SEP],[CLS] the man served the dish to a friend from childhood . [SEP]
[CLS] the woman served him the dish . [SEP],[CLS] the woman served the dish to him . [SEP],[CLS] the woman served the man the dish . [SEP],[CLS] the woman served the dish to the man . [SEP],,[CLS] the woman served the man the dish . [SEP],[CLS] the woman served the dish to the man . [SEP],[CLS] the woman served a man the dish . [SEP],[CLS] the woman served the dish to a man . [SEP],,[CLS] the woman served the man the dish . [SEP],[CLS] the woman served the dish to the man . [SEP],[CLS] the woman served the friend from childhood the dish . [SEP],[CLS] the woman served the dish to the friend from childhood . [SEP],,[CLS] the woman served the man the dish . [SEP],[CLS] the woman served the dish to the man . [SEP],[CLS] the woman served a friend from childhood the dish . [SEP],[CLS] the woman served the dish to a friend from childhood . [SEP]
[CLS] the man allocated her the money . [SEP],[CLS] the man allocated the money to her . [SEP],[CLS] the man allocated the woman the money . [SEP],[CLS] the man allocated the money to the woman . [SEP],,[CLS] the man allocated the woman the money . [SEP],[CLS] the man allocated the money to the woman . [SEP],[CLS] the man allocated a woman the money . [SEP],[CLS] the man allocated the money to a woman . [SEP],,[CLS] the man allocated the woman the money . [SEP],[CLS] the man allocated the money to the woman . [SEP],[CLS] the man allocated the friend from childhood the money . [SEP],[CLS] the man allocated the money to the friend from childhood . [SEP],,[CLS] the man allocated the woman the money . [SEP],[CLS] the man allocated the money to the woman . [SEP],[CLS] the man allocated a friend from childhood the money . [SEP],[CLS] the man allocated the money to a friend from childhood . [SEP]
[CLS] the woman allocated him the money . [SEP],[CLS] the woman allocated the money to him . [SEP],[CLS] the woman allocated the man the money . [SEP],[CLS] the woman allocated the money to the man . [SEP],,[CLS] the woman allocated the man the money . [SEP],[CLS] the woman allocated the money to the man . [SEP],[CLS] the woman allocated a man the money . [SEP],[CLS] the woman allocated the money to a man . [SEP],,[CLS] the woman allocated the man the money . [SEP],[CLS] the woman allocated the money to the man . [SEP],[CLS] the woman allocated the friend from childhood the money . [SEP],[CLS] the woman allocated the money to the friend from childhood . [SEP],,[CLS] the woman allocated the man the money . [SEP],[CLS] the woman allocated the money to the man . [SEP],[CLS] the woman allocated a friend from childhood the money . [SEP],[CLS] the woman allocated the money to a friend from childhood . [SEP]
[CLS] the man assigned her the task . [SEP],[CLS] the man assigned the task to her . [SEP],[CLS] the man assigned the woman the task . [SEP],[CLS] the man assigned the task to the woman . [SEP],,[CLS] the man assigned the woman the task . [SEP],[CLS] the man assigned the task to the woman . [SEP],[CLS] the man assigned a woman the task . [SEP],[CLS] the man assigned the task to a woman . [SEP],,[CLS] the man assigned the woman the task . [SEP],[CLS] the man assigned the task to the woman . [SEP],[CLS] the man assigned the friend from childhood the task . [SEP],[CLS] the man assigned the task to the friend from childhood . [SEP],,[CLS] the man assigned the woman the task . [SEP],[CLS] the man assigned the task to the woman . [SEP],[CLS] the man assigned a friend from childhood the task . [SEP],[CLS] the man assigned the task to a friend from childhood . [SEP]
[CLS] the woman assigned him the task . [SEP],[CLS] the woman assigned the task to him . [SEP],[CLS] the woman assigned the man the task . [SEP],[CLS] the woman assigned the task to the man . [SEP],,[CLS] the woman assigned the man the task . [SEP],[CLS] the woman assigned the task to the man . [SEP],[CLS] the woman assigned a man the task . [SEP],[CLS] the woman assigned the task to a man . [SEP],,[CLS] the woman assigned the man the task . [SEP],[CLS] the woman assigned the task to the man . [SEP],[CLS] the woman assigned the friend from childhood the task . [SEP],[CLS] the woman assigned the task to the friend from childhood . [SEP],,[CLS] the woman assigned the man the task . [SEP],[CLS] the woman assigned the task to the man . [SEP],[CLS] the woman assigned a friend from childhood the task . [SEP],[CLS] the woman assigned the task to a friend from childhood . [SEP]
[CLS] the man awarded her the money . [SEP],[CLS] the man awarded the money to her . [SEP],[CLS] the man awarded the woman the money . [SEP],[CLS] the man awarded the money to the woman . [SEP],,[CLS] the man awarded the woman the money . [SEP],[CLS] the man awarded the money to the woman . [SEP],[CLS] the man awarded a woman the money . [SEP],[CLS] the man awarded the money to a woman . [SEP],,[CLS] the man awarded the woman the money . [SEP],[CLS] the man awarded the money to the woman . [SEP],[CLS] the man awarded the friend from childhood the money . [SEP],[CLS] the man awarded the money to the friend from childhood . [SEP],,[CLS] the man awarded the woman the money . [SEP],[CLS] the man awarded the money to the woman . [SEP],[CLS] the man awarded a friend from childhood the money . [SEP],[CLS] the man awarded the money to a friend from childhood . [SEP]
[CLS] the woman awarded him the money . [SEP],[CLS] the woman awarded the money to him . [SEP],[CLS] the woman awarded the man the money . [SEP],[CLS] the woman awarded the money to the man . [SEP],,[CLS] the woman awarded the man the money . [SEP],[CLS] the woman awarded the money to the man . [SEP],[CLS] the woman awarded a man the money . [SEP],[CLS] the woman awarded the money to a man . [SEP],,[CLS] the woman awarded the man the money . [SEP],[CLS] the woman awarded the money to the man . [SEP],[CLS] the woman awarded the friend from childhood the money . [SEP],[CLS] the woman awarded the money to the friend from childhood . [SEP],,[CLS] the woman awarded the man the money . [SEP],[CLS] the woman awarded the money to the man . [SEP],[CLS] the woman awarded a friend from childhood the money . [SEP],[CLS] the woman awarded the money to a friend from childhood . [SEP]
[CLS] the man ceded her the money . [SEP],[CLS] the man ceded the money to her . [SEP],[CLS] the man ceded the woman the money . [SEP],[CLS] the man ceded the money to the woman . [SEP],,[CLS] the man ceded the woman the money . [SEP],[CLS] the man ceded the money to the woman . [SEP],[CLS] the man ceded a woman the money . [SEP],[CLS] the man ceded the money to a woman . [SEP],,[CLS] the man ceded the woman the money . [SEP],[CLS] the man ceded the money to the woman . [SEP],[CLS] the man ceded the friend from childhood the money . [SEP],[CLS] the man ceded the money to the friend from childhood . [SEP],,[CLS] the man ceded the woman the money . [SEP],[CLS] the man ceded the money to the woman . [SEP],[CLS] the man ceded a friend from childhood the money . [SEP],[CLS] the man ceded the money to a friend from childhood . [SEP]
[CLS] the woman ceded him the money . [SEP],[CLS] the woman ceded the money to him . [SEP],[CLS] the woman ceded the man the money . [SEP],[CLS] the woman ceded the money to the man . [SEP],,[CLS] the woman ceded the man the money . [SEP],[CLS] the woman ceded the money to the man . [SEP],[CLS] the woman ceded a man the money . [SEP],[CLS] the woman ceded the money to a man . [SEP],,[CLS] the woman ceded the man the money . [SEP],[CLS] the woman ceded the money to the man . [SEP],[CLS] the woman ceded the friend from childhood the money . [SEP],[CLS] the woman ceded the money to the friend from childhood . [SEP],,[CLS] the woman ceded the man the money . [SEP],[CLS] the woman ceded the money to the man . [SEP],[CLS] the woman ceded a friend from childhood the money . [SEP],[CLS] the woman ceded the money to a friend from childhood . [SEP]
[CLS] the man conceded her the money . [SEP],[CLS] the man conceded the money to her . [SEP],[CLS] the man conceded the woman the money . [SEP],[CLS] the man conceded the money to the woman . [SEP],,[CLS] the man conceded the woman the money . [SEP],[CLS] the man conceded the money to the woman . [SEP],[CLS] the man conceded a woman the money . [SEP],[CLS] the man conceded the money to a woman . [SEP],,[CLS] the man conceded the woman the money . [SEP],[CLS] the man conceded the money to the woman . [SEP],[CLS] the man conceded the friend from childhood the money . [SEP],[CLS] the man conceded the money to the friend from childhood . [SEP],,[CLS] the man conceded the woman the money . [SEP],[CLS] the man conceded the money to the woman . [SEP],[CLS] the man conceded a friend from childhood the money . [SEP],[CLS] the man conceded the money to a friend from childhood . [SEP]
[CLS] the woman conceded him the money . [SEP],[CLS] the woman conceded the money to him . [SEP],[CLS] the woman conceded the man the money . [SEP],[CLS] the woman conceded the money to the man . [SEP],,[CLS] the woman conceded the man the money . [SEP],[CLS] the woman conceded the money to the man . [SEP],[CLS] the woman conceded a man the money . [SEP],[CLS] the woman conceded the money to a man . [SEP],,[CLS] the woman conceded the man the money . [SEP],[CLS] the woman conceded the money to the man . [SEP],[CLS] the woman conceded the friend from childhood the money . [SEP],[CLS] the woman conceded the money to the friend from childhood . [SEP],,[CLS] the woman conceded the man the money . [SEP],[CLS] the woman conceded the money to the man . [SEP],[CLS] the woman conceded a friend from childhood the money . [SEP],[CLS] the woman conceded the money to a friend from childhood . [SEP]
[CLS] the man extended her the support . [SEP],[CLS] the man extended the support to her . [SEP],[CLS] the man extended the woman the support . [SEP],[CLS] the man extended the support to the woman . [SEP],,[CLS] the man extended the woman the support . [SEP],[CLS] the man extended the support to the woman . [SEP],[CLS] the man extended a woman the support . [SEP],[CLS] the man extended the support to a woman . [SEP],,[CLS] the man extended the woman the support . [SEP],[CLS] the man extended the support to the woman . [SEP],[CLS] the man extended the friend from childhood the support . [SEP],[CLS] the man extended the support to the friend from childhood . [SEP],,[CLS] the man extended the woman the support . [SEP],[CLS] the man extended the support to the woman . [SEP],[CLS] the man extended a friend from childhood the support . [SEP],[CLS] the man extended the support to a friend from childhood . [SEP]
[CLS] the woman extended him the support . [SEP],[CLS] the woman extended the support to him . [SEP],[CLS] the woman extended the man the support . [SEP],[CLS] the woman extended the support to the man . [SEP],,[CLS] the woman extended the man the support . [SEP],[CLS] the woman extended the support to the man . [SEP],[CLS] the woman extended a man the support . [SEP],[CLS] the woman extended the support to a man . [SEP],,[CLS] the woman extended the man the support . [SEP],[CLS] the woman extended the support to the man . [SEP],[CLS] the woman extended the friend from childhood the support . [SEP],[CLS] the woman extended the support to the friend from childhood . [SEP],,[CLS] the woman extended the man the support . [SEP],[CLS] the woman extended the support to the man . [SEP],[CLS] the woman extended a friend from childhood the support . [SEP],[CLS] the woman extended the support to a friend from childhood . [SEP]
[CLS] the man granted her the money . [SEP],[CLS] the man granted the money to her . [SEP],[CLS] the man granted the woman the money . [SEP],[CLS] the man granted the money to the woman . [SEP],,[CLS] the man granted the woman the money . [SEP],[CLS] the man granted the money to the woman . [SEP],[CLS] the man granted a woman the money . [SEP],[CLS] the man granted the money to a woman . [SEP],,[CLS] the man granted the woman the money . [SEP],[CLS] the man granted the money to the woman . [SEP],[CLS] the man granted the friend from childhood the money . [SEP],[CLS] the man granted the money to the friend from childhood . [SEP],,[CLS] the man granted the woman the money . [SEP],[CLS] the man granted the money to the woman . [SEP],[CLS] the man granted a friend from childhood the money . [SEP],[CLS] the man granted the money to a friend from childhood . [SEP]
[CLS] the woman granted him the money . [SEP],[CLS] the woman granted the money to him . [SEP],[CLS] the woman granted the man the money . [SEP],[CLS] the woman granted the money to the man . [SEP],,[CLS] the woman granted the man the money . [SEP],[CLS] the woman granted the money to the man . [SEP],[CLS] the woman granted a man the money . [SEP],[CLS] the woman granted the money to a man . [SEP],,[CLS] the woman granted the man the money . [SEP],[CLS] the woman granted the money to the man . [SEP],[CLS] the woman granted the friend from childhood the money . [SEP],[CLS] the woman granted the money to the friend from childhood . [SEP],,[CLS] the woman granted the man the money . [SEP],[CLS] the woman granted the money to the man . [SEP],[CLS] the woman granted a friend from childhood the money . [SEP],[CLS] the woman granted the money to a friend from childhood . [SEP]
[CLS] the man guaranteed her the money . [SEP],[CLS] the man guaranteed the money to her . [SEP],[CLS] the man guaranteed the woman the money . [SEP],[CLS] the man guaranteed the money to the woman . [SEP],,[CLS] the man guaranteed the woman the money . [SEP],[CLS] the man guaranteed the money to the woman . [SEP],[CLS] the man guaranteed a woman the money . [SEP],[CLS] the man guaranteed the money to a woman . [SEP],,[CLS] the man guaranteed the woman the money . [SEP],[CLS] the man guaranteed the money to the woman . [SEP],[CLS] the man guaranteed the friend from childhood the money . [SEP],[CLS] the man guaranteed the money to the friend from childhood . [SEP],,[CLS] the man guaranteed the woman the money . [SEP],[CLS] the man guaranteed the money to the woman . [SEP],[CLS] the man guaranteed a friend from childhood the money . [SEP],[CLS] the man guaranteed the money to a friend from childhood . [SEP]
[CLS] the woman guaranteed him the money . [SEP],[CLS] the woman guaranteed the money to him . [SEP],[CLS] the woman guaranteed the man the money . [SEP],[CLS] the woman guaranteed the money to the man . [SEP],,[CLS] the woman guaranteed the man the money . [SEP],[CLS] the woman guaranteed the money to the man . [SEP],[CLS] the woman guaranteed a man the money . [SEP],[CLS] the woman guaranteed the money to a man . [SEP],,[CLS] the woman guaranteed the man the money . [SEP],[CLS] the woman guaranteed the money to the man . [SEP],[CLS] the woman guaranteed the friend from childhood the money . [SEP],[CLS] the woman guaranteed the money to the friend from childhood . [SEP],,[CLS] the woman guaranteed the man the money . [SEP],[CLS] the woman guaranteed the money to the man . [SEP],[CLS] the woman guaranteed a friend from childhood the money . [SEP],[CLS] the woman guaranteed the money to a friend from childhood . [SEP]
[CLS] the man issued her the warning . [SEP],[CLS] the man issued the warning to her . [SEP],[CLS] the man issued the woman the warning . [SEP],[CLS] the man issued the warning to the woman . [SEP],,[CLS] the man issued the woman the warning . [SEP],[CLS] the man issued the warning to the woman . [SEP],[CLS] the man issued a woman the warning . [SEP],[CLS] the man issued the warning to a woman . [SEP],,[CLS] the man issued the woman the warning . [SEP],[CLS] the man issued the warning to the woman . [SEP],[CLS] the man issued the friend from childhood the warning . [SEP],[CLS] the man issued the warning to the friend from childhood . [SEP],,[CLS] the man issued the woman the warning . [SEP],[CLS] the man issued the warning to the woman . [SEP],[CLS] the man issued a friend from childhood the warning . [SEP],[CLS] the man issued the warning to a friend from childhood . [SEP]
[CLS] the woman issued him the warning . [SEP],[CLS] the woman issued the warning to him . [SEP],[CLS] the woman issued the man the warning . [SEP],[CLS] the woman issued the warning to the man . [SEP],,[CLS] the woman issued the man the warning . [SEP],[CLS] the woman issued the warning to the man . [SEP],[CLS] the woman issued a man the warning . [SEP],[CLS] the woman issued the warning to a man . [SEP],,[CLS] the woman issued the man the warning . [SEP],[CLS] the woman issued the warning to the man . [SEP],[CLS] the woman issued the friend from childhood the warning . [SEP],[CLS] the woman issued the warning to the friend from childhood . [SEP],,[CLS] the woman issued the man the warning . [SEP],[CLS] the woman issued the warning to the man . [SEP],[CLS] the woman issued a friend from childhood the warning . [SEP],[CLS] the woman issued the warning to a friend from childhood . [SEP]
[CLS] the man left her the money . [SEP],[CLS] the man left the money to her . [SEP],[CLS] the man left the woman the money . [SEP],[CLS] the man left the money to the woman . [SEP],,[CLS] the man left the woman the money . [SEP],[CLS] the man left the money to the woman . [SEP],[CLS] the man left a woman the money . [SEP],[CLS] the man left the money to a woman . [SEP],,[CLS] the man left the woman the money . [SEP],[CLS] the man left the money to the woman . [SEP],[CLS] the man left the friend from childhood the money . [SEP],[CLS] the man left the money to the friend from childhood . [SEP],,[CLS] the man left the woman the money . [SEP],[CLS] the man left the money to the woman . [SEP],[CLS] the man left a friend from childhood the money . [SEP],[CLS] the man left the money to a friend from childhood . [SEP]
[CLS] the woman left him the money . [SEP],[CLS] the woman left the money to him . [SEP],[CLS] the woman left the man the money . [SEP],[CLS] the woman left the money to the man . [SEP],,[CLS] the woman left the man the money . [SEP],[CLS] the woman left the money to the man . [SEP],[CLS] the woman left a man the money . [SEP],[CLS] the woman left the money to a man . [SEP],,[CLS] the woman left the man the money . [SEP],[CLS] the woman left the money to the man . [SEP],[CLS] the woman left the friend from childhood the money . [SEP],[CLS] the woman left the money to the friend from childhood . [SEP],,[CLS] the woman left the man the money . [SEP],[CLS] the woman left the money to the man . [SEP],[CLS] the woman left a friend from childhood the money . [SEP],[CLS] the woman left the money to a friend from childhood . [SEP]
[CLS] the man offered her the deal . [SEP],[CLS] the man offered the deal to her . [SEP],[CLS] the man offered the woman the deal . [SEP],[CLS] the man offered the deal to the woman . [SEP],,[CLS] the man offered the woman the deal . [SEP],[CLS] the man offered the deal to the woman . [SEP],[CLS] the man offered a woman the deal . [SEP],[CLS] the man offered the deal to a woman . [SEP],,[CLS] the man offered the woman the deal . [SEP],[CLS] the man offered the deal to the woman . [SEP],[CLS] the man offered the friend from childhood the deal . [SEP],[CLS] the man offered the deal to the friend from childhood . [SEP],,[CLS] the man offered the woman the deal . [SEP],[CLS] the man offered the deal to the woman . [SEP],[CLS] the man offered a friend from childhood the deal . [SEP],[CLS] the man offered the deal to a friend from childhood . [SEP]
[CLS] the woman offered him the deal . [SEP],[CLS] the woman offered the deal to him . [SEP],[CLS] the woman offered the man the deal . [SEP],[CLS] the woman offered the deal to the man . [SEP],,[CLS] the woman offered the man the deal . [SEP],[CLS] the woman offered the deal to the man . [SEP],[CLS] the woman offered a man the deal . [SEP],[CLS] the woman offered the deal to a man . [SEP],,[CLS] the woman offered the man the deal . [SEP],[CLS] the woman offered the deal to the man . [SEP],[CLS] the woman offered the friend from childhood the deal . [SEP],[CLS] the woman offered the deal to the friend from childhood . [SEP],,[CLS] the woman offered the man the deal . [SEP],[CLS] the woman offered the deal to the man . [SEP],[CLS] the woman offered a friend from childhood the deal . [SEP],[CLS] the woman offered the deal to a friend from childhood . [SEP]
[CLS] the man owed her the money . [SEP],[CLS] the man owed the money to her . [SEP],[CLS] the man owed the woman the money . [SEP],[CLS] the man owed the money to the woman . [SEP],,[CLS] the man owed the woman the money . [SEP],[CLS] the man owed the money to the woman . [SEP],[CLS] the man owed a woman the money . [SEP],[CLS] the man owed the money to a woman . [SEP],,[CLS] the man owed the woman the money . [SEP],[CLS] the man owed the money to the woman . [SEP],[CLS] the man owed the friend from childhood the money . [SEP],[CLS] the man owed the money to the friend from childhood . [SEP],,[CLS] the man owed the woman the money . [SEP],[CLS] the man owed the money to the woman . [SEP],[CLS] the man owed a friend from childhood the money . [SEP],[CLS] the man owed the money to a friend from childhood . [SEP]
[CLS] the woman owed him the money . [SEP],[CLS] the woman owed the money to him . [SEP],[CLS] the woman owed the man the money . [SEP],[CLS] the woman owed the money to the man . [SEP],,[CLS] the woman owed the man the money . [SEP],[CLS] the woman owed the money to the man . [SEP],[CLS] the woman owed a man the money . [SEP],[CLS] the woman owed the money to a man . [SEP],,[CLS] the woman owed the man the money . [SEP],[CLS] the woman owed the money to the man . [SEP],[CLS] the woman owed the friend from childhood the money . [SEP],[CLS] the woman owed the money to the friend from childhood . [SEP],,[CLS] the woman owed the man the money . [SEP],[CLS] the woman owed the money to the man . [SEP],[CLS] the woman owed a friend from childhood the money . [SEP],[CLS] the woman owed the money to a friend from childhood . [SEP]
[CLS] the man promised her the money . [SEP],[CLS] the man promised the money to her . [SEP],[CLS] the man promised the woman the money . [SEP],[CLS] the man promised the money to the woman . [SEP],,[CLS] the man promised the woman the money . [SEP],[CLS] the man promised the money to the woman . [SEP],[CLS] the man promised a woman the money . [SEP],[CLS] the man promised the money to a woman . [SEP],,[CLS] the man promised the woman the money . [SEP],[CLS] the man promised the money to the woman . [SEP],[CLS] the man promised the friend from childhood the money . [SEP],[CLS] the man promised the money to the friend from childhood . [SEP],,[CLS] the man promised the woman the money . [SEP],[CLS] the man promised the money to the woman . [SEP],[CLS] the man promised a friend from childhood the money . [SEP],[CLS] the man promised the money to a friend from childhood . [SEP]
[CLS] the woman promised him the money . [SEP],[CLS] the woman promised the money to him . [SEP],[CLS] the woman promised the man the money . [SEP],[CLS] the woman promised the money to the man . [SEP],,[CLS] the woman promised the man the money . [SEP],[CLS] the woman promised the money to the man . [SEP],[CLS] the woman promised a man the money . [SEP],[CLS] the woman promised the money to a man . [SEP],,[CLS] the woman promised the man the money . [SEP],[CLS] the woman promised the money to the man . [SEP],[CLS] the woman promised the friend from childhood the money . [SEP],[CLS] the woman promised the money to the friend from childhood . [SEP],,[CLS] the woman promised the man the money . [SEP],[CLS] the woman promised the money to the man . [SEP],[CLS] the woman promised a friend from childhood the money . [SEP],[CLS] the woman promised the money to a friend from childhood . [SEP]
[CLS] the man voted her the ballot . [SEP],[CLS] the man voted the ballot to her . [SEP],[CLS] the man voted the woman the ballot . [SEP],[CLS] the man voted the ballot to the woman . [SEP],,[CLS] the man voted the woman the ballot . [SEP],[CLS] the man voted the ballot to the woman . [SEP],[CLS] the man voted a woman the ballot . [SEP],[CLS] the man voted the ballot to a woman . [SEP],,[CLS] the man voted the woman the ballot . [SEP],[CLS] the man voted the ballot to the woman . [SEP],[CLS] the man voted the friend from childhood the ballot . [SEP],[CLS] the man voted the ballot to the friend from childhood . [SEP],,[CLS] the man voted the woman the ballot . [SEP],[CLS] the man voted the ballot to the woman . [SEP],[CLS] the man voted a friend from childhood the ballot . [SEP],[CLS] the man voted the ballot to a friend from childhood . [SEP]
[CLS] the woman voted him the ballot . [SEP],[CLS] the woman voted the ballot to him . [SEP],[CLS] the woman voted the man the ballot . [SEP],[CLS] the woman voted the ballot to the man . [SEP],,[CLS] the woman voted the man the ballot . [SEP],[CLS] the woman voted the ballot to the man . [SEP],[CLS] the woman voted a man the ballot . [SEP],[CLS] the woman voted the ballot to a man . [SEP],,[CLS] the woman voted the man the ballot . [SEP],[CLS] the woman voted the ballot to the man . [SEP],[CLS] the woman voted the friend from childhood the ballot . [SEP],[CLS] the woman voted the ballot to the friend from childhood . [SEP],,[CLS] the woman voted the man the ballot . [SEP],[CLS] the woman voted the ballot to the man . [SEP],[CLS] the woman voted a friend from childhood the ballot . [SEP],[CLS] the woman voted the ballot to a friend from childhood . [SEP]
[CLS] the man yielded her the money . [SEP],[CLS] the man yielded the money to her . [SEP],[CLS] the man yielded the woman the money . [SEP],[CLS] the man yielded the money to the woman . [SEP],,[CLS] the man yielded the woman the money . [SEP],[CLS] the man yielded the money to the woman . [SEP],[CLS] the man yielded a woman the money . [SEP],[CLS] the man yielded the money to a woman . [SEP],,[CLS] the man yielded the woman the money . [SEP],[CLS] the man yielded the money to the woman . [SEP],[CLS] the man yielded the friend from childhood the money . [SEP],[CLS] the man yielded the money to the friend from childhood . [SEP],,[CLS] the man yielded the woman the money . [SEP],[CLS] the man yielded the money to the woman . [SEP],[CLS] the man yielded a friend from childhood the money . [SEP],[CLS] the man yielded the money to a friend from childhood . [SEP]
[CLS] the woman yielded him the money . [SEP],[CLS] the woman yielded the money to him . [SEP],[CLS] the woman yielded the man the money . [SEP],[CLS] the woman yielded the money to the man . [SEP],,[CLS] the woman yielded the man the money . [SEP],[CLS] the woman yielded the money to the man . [SEP],[CLS] the woman yielded a man the money . [SEP],[CLS] the woman yielded the money to a man . [SEP],,[CLS] the woman yielded the man the money . [SEP],[CLS] the woman yielded the money to the man . [SEP],[CLS] the woman yielded the friend from childhood the money . [SEP],[CLS] the woman yielded the money to the friend from childhood . [SEP],,[CLS] the woman yielded the man the money . [SEP],[CLS] the woman yielded the money to the man . [SEP],[CLS] the woman yielded a friend from childhood the money . [SEP],[CLS] the woman yielded the money to a friend from childhood . [SEP]
[CLS] the man forwarded her the letter . [SEP],[CLS] the man forwarded the letter to her . [SEP],[CLS] the man forwarded the woman the letter . [SEP],[CLS] the man forwarded the letter to the woman . [SEP],,[CLS] the man forwarded the woman the letter . [SEP],[CLS] the man forwarded the letter to the woman . [SEP],[CLS] the man forwarded a woman the letter . [SEP],[CLS] the man forwarded the letter to a woman . [SEP],,[CLS] the man forwarded the woman the letter . [SEP],[CLS] the man forwarded the letter to the woman . [SEP],[CLS] the man forwarded the friend from childhood the letter . [SEP],[CLS] the man forwarded the letter to the friend from childhood . [SEP],,[CLS] the man forwarded the woman the letter . [SEP],[CLS] the man forwarded the letter to the woman . [SEP],[CLS] the man forwarded a friend from childhood the letter . [SEP],[CLS] the man forwarded the letter to a friend from childhood . [SEP]
[CLS] the woman forwarded him the letter . [SEP],[CLS] the woman forwarded the letter to him . [SEP],[CLS] the woman forwarded the man the letter . [SEP],[CLS] the woman forwarded the letter to the man . [SEP],,[CLS] the woman forwarded the man the letter . [SEP],[CLS] the woman forwarded the letter to the man . [SEP],[CLS] the woman forwarded a man the letter . [SEP],[CLS] the woman forwarded the letter to a man . [SEP],,[CLS] the woman forwarded the man the letter . [SEP],[CLS] the woman forwarded the letter to the man . [SEP],[CLS] the woman forwarded the friend from childhood the letter . [SEP],[CLS] the woman forwarded the letter to the friend from childhood . [SEP],,[CLS] the woman forwarded the man the letter . [SEP],[CLS] the woman forwarded the letter to the man . [SEP],[CLS] the woman forwarded a friend from childhood the letter . [SEP],[CLS] the woman forwarded the letter to a friend from childhood . [SEP]
[CLS] the man handed her the letter . [SEP],[CLS] the man handed the letter to her . [SEP],[CLS] the man handed the woman the letter . [SEP],[CLS] the man handed the letter to the woman . [SEP],,[CLS] the man handed the woman the letter . [SEP],[CLS] the man handed the letter to the woman . [SEP],[CLS] the man handed a woman the letter . [SEP],[CLS] the man handed the letter to a woman . [SEP],,[CLS] the man handed the woman the letter . [SEP],[CLS] the man handed the letter to the woman . [SEP],[CLS] the man handed the friend from childhood the letter . [SEP],[CLS] the man handed the letter to the friend from childhood . [SEP],,[CLS] the man handed the woman the letter . [SEP],[CLS] the man handed the letter to the woman . [SEP],[CLS] the man handed a friend from childhood the letter . [SEP],[CLS] the man handed the letter to a friend from childhood . [SEP]
[CLS] the woman handed him the letter . [SEP],[CLS] the woman handed the letter to him . [SEP],[CLS] the woman handed the man the letter . [SEP],[CLS] the woman handed the letter to the man . [SEP],,[CLS] the woman handed the man the letter . [SEP],[CLS] the woman handed the letter to the man . [SEP],[CLS] the woman handed a man the letter . [SEP],[CLS] the woman handed the letter to a man . [SEP],,[CLS] the woman handed the man the letter . [SEP],[CLS] the woman handed the letter to the man . [SEP],[CLS] the woman handed the friend from childhood the letter . [SEP],[CLS] the woman handed the letter to the friend from childhood . [SEP],,[CLS] the woman handed the man the letter . [SEP],[CLS] the woman handed the letter to the man . [SEP],[CLS] the woman handed a friend from childhood the letter . [SEP],[CLS] the woman handed the letter to a friend from childhood . [SEP]
[CLS] the man mailed her the letter . [SEP],[CLS] the man mailed the letter to her . [SEP],[CLS] the man mailed the woman the letter . [SEP],[CLS] the man mailed the letter to the woman . [SEP],,[CLS] the man mailed the woman the letter . [SEP],[CLS] the man mailed the letter to the woman . [SEP],[CLS] the man mailed a woman the letter . [SEP],[CLS] the man mailed the letter to a woman . [SEP],,[CLS] the man mailed the woman the letter . [SEP],[CLS] the man mailed the letter to the woman . [SEP],[CLS] the man mailed the friend from childhood the letter . [SEP],[CLS] the man mailed the letter to the friend from childhood . [SEP],,[CLS] the man mailed the woman the letter . [SEP],[CLS] the man mailed the letter to the woman . [SEP],[CLS] the man mailed a friend from childhood the letter . [SEP],[CLS] the man mailed the letter to a friend from childhood . [SEP]
[CLS] the woman mailed him the letter . [SEP],[CLS] the woman mailed the letter to him . [SEP],[CLS] the woman mailed the man the letter . [SEP],[CLS] the woman mailed the letter to the man . [SEP],,[CLS] the woman mailed the man the letter . [SEP],[CLS] the woman mailed the letter to the man . [SEP],[CLS] the woman mailed a man the letter . [SEP],[CLS] the woman mailed the letter to a man . [SEP],,[CLS] the woman mailed the man the letter . [SEP],[CLS] the woman mailed the letter to the man . [SEP],[CLS] the woman mailed the friend from childhood the letter . [SEP],[CLS] the woman mailed the letter to the friend from childhood . [SEP],,[CLS] the woman mailed the man the letter . [SEP],[CLS] the woman mailed the letter to the man . [SEP],[CLS] the woman mailed a friend from childhood the letter . [SEP],[CLS] the woman mailed the letter to a friend from childhood . [SEP]
[CLS] the man posted her the letter . [SEP],[CLS] the man posted the letter to her . [SEP],[CLS] the man posted the woman the letter . [SEP],[CLS] the man posted the letter to the woman . [SEP],,[CLS] the man posted the woman the letter . [SEP],[CLS] the man posted the letter to the woman . [SEP],[CLS] the man posted a woman the letter . [SEP],[CLS] the man posted the letter to a woman . [SEP],,[CLS] the man posted the woman the letter . [SEP],[CLS] the man posted the letter to the woman . [SEP],[CLS] the man posted the friend from childhood the letter . [SEP],[CLS] the man posted the letter to the friend from childhood . [SEP],,[CLS] the man posted the woman the letter . [SEP],[CLS] the man posted the letter to the woman . [SEP],[CLS] the man posted a friend from childhood the letter . [SEP],[CLS] the man posted the letter to a friend from childhood . [SEP]
[CLS] the woman posted him the letter . [SEP],[CLS] the woman posted the letter to him . [SEP],[CLS] the woman posted the man the letter . [SEP],[CLS] the woman posted the letter to the man . [SEP],,[CLS] the woman posted the man the letter . [SEP],[CLS] the woman posted the letter to the man . [SEP],[CLS] the woman posted a man the letter . [SEP],[CLS] the woman posted the letter to a man . [SEP],,[CLS] the woman posted the man the letter . [SEP],[CLS] the woman posted the letter to the man . [SEP],[CLS] the woman posted the friend from childhood the letter . [SEP],[CLS] the woman posted the letter to the friend from childhood . [SEP],,[CLS] the woman posted the man the letter . [SEP],[CLS] the woman posted the letter to the man . [SEP],[CLS] the woman posted a friend from childhood the letter . [SEP],[CLS] the woman posted the letter to a friend from childhood . [SEP]
[CLS] the man sent her the letter . [SEP],[CLS] the man sent the letter to her . [SEP],[CLS] the man sent the woman the letter . [SEP],[CLS] the man sent the letter to the woman . [SEP],,[CLS] the man sent the woman the letter . [SEP],[CLS] the man sent the letter to the woman . [SEP],[CLS] the man sent a woman the letter . [SEP],[CLS] the man sent the letter to a woman . [SEP],,[CLS] the man sent the woman the letter . [SEP],[CLS] the man sent the letter to the woman . [SEP],[CLS] the man sent the friend from childhood the letter . [SEP],[CLS] the man sent the letter to the friend from childhood . [SEP],,[CLS] the man sent the woman the letter . [SEP],[CLS] the man sent the letter to the woman . [SEP],[CLS] the man sent a friend from childhood the letter . [SEP],[CLS] the man sent the letter to a friend from childhood . [SEP]
[CLS] the woman sent him the letter . [SEP],[CLS] the woman sent the letter to him . [SEP],[CLS] the woman sent the man the letter . [SEP],[CLS] the woman sent the letter to the man . [SEP],,[CLS] the woman sent the man the letter . [SEP],[CLS] the woman sent the letter to the man . [SEP],[CLS] the woman sent a man the letter . [SEP],[CLS] the woman sent the letter to a man . [SEP],,[CLS] the woman sent the man the letter . [SEP],[CLS] the woman sent the letter to the man . [SEP],[CLS] the woman sent the friend from childhood the letter . [SEP],[CLS] the woman sent the letter to the friend from childhood . [SEP],,[CLS] the woman sent the man the letter . [SEP],[CLS] the woman sent the letter to the man . [SEP],[CLS] the woman sent a friend from childhood the letter . [SEP],[CLS] the woman sent the letter to a friend from childhood . [SEP]
[CLS] the man shipped her the package . [SEP],[CLS] the man shipped the package to her . [SEP],[CLS] the man shipped the woman the package . [SEP],[CLS] the man shipped the package to the woman . [SEP],,[CLS] the man shipped the woman the package . [SEP],[CLS] the man shipped the package to the woman . [SEP],[CLS] the man shipped a woman the package . [SEP],[CLS] the man shipped the package to a woman . [SEP],,[CLS] the man shipped the woman the package . [SEP],[CLS] the man shipped the package to the woman . [SEP],[CLS] the man shipped the friend from childhood the package . [SEP],[CLS] the man shipped the package to the friend from childhood . [SEP],,[CLS] the man shipped the woman the package . [SEP],[CLS] the man shipped the package to the woman . [SEP],[CLS] the man shipped a friend from childhood the package . [SEP],[CLS] the man shipped the package to a friend from childhood . [SEP]
[CLS] the woman shipped him the package . [SEP],[CLS] the woman shipped the package to him . [SEP],[CLS] the woman shipped the man the package . [SEP],[CLS] the woman shipped the package to the man . [SEP],,[CLS] the woman shipped the man the package . [SEP],[CLS] the woman shipped the package to the man . [SEP],[CLS] the woman shipped a man the package . [SEP],[CLS] the woman shipped the package to a man . [SEP],,[CLS] the woman shipped the man the package . [SEP],[CLS] the woman shipped the package to the man . [SEP],[CLS] the woman shipped the friend from childhood the package . [SEP],[CLS] the woman shipped the package to the friend from childhood . [SEP],,[CLS] the woman shipped the man the package . [SEP],[CLS] the woman shipped the package to the man . [SEP],[CLS] the woman shipped a friend from childhood the package . [SEP],[CLS] the woman shipped the package to a friend from childhood . [SEP]
[CLS] the man slipped her the letter . [SEP],[CLS] the man slipped the letter to her . [SEP],[CLS] the man slipped the woman the letter . [SEP],[CLS] the man slipped the letter to the woman . [SEP],,[CLS] the man slipped the woman the letter . [SEP],[CLS] the man slipped the letter to the woman . [SEP],[CLS] the man slipped a woman the letter . [SEP],[CLS] the man slipped the letter to a woman . [SEP],,[CLS] the man slipped the woman the letter . [SEP],[CLS] the man slipped the letter to the woman . [SEP],[CLS] the man slipped the friend from childhood the letter . [SEP],[CLS] the man slipped the letter to the friend from childhood . [SEP],,[CLS] the man slipped the woman the letter . [SEP],[CLS] the man slipped the letter to the woman . [SEP],[CLS] the man slipped a friend from childhood the letter . [SEP],[CLS] the man slipped the letter to a friend from childhood . [SEP]
[CLS] the woman slipped him the letter . [SEP],[CLS] the woman slipped the letter to him . [SEP],[CLS] the woman slipped the man the letter . [SEP],[CLS] the woman slipped the letter to the man . [SEP],,[CLS] the woman slipped the man the letter . [SEP],[CLS] the woman slipped the letter to the man . [SEP],[CLS] the woman slipped a man the letter . [SEP],[CLS] the woman slipped the letter to a man . [SEP],,[CLS] the woman slipped the man the letter . [SEP],[CLS] the woman slipped the letter to the man . [SEP],[CLS] the woman slipped the friend from childhood the letter . [SEP],[CLS] the woman slipped the letter to the friend from childhood . [SEP],,[CLS] the woman slipped the man the letter . [SEP],[CLS] the woman slipped the letter to the man . [SEP],[CLS] the woman slipped a friend from childhood the letter . [SEP],[CLS] the woman slipped the letter to a friend from childhood . [SEP]
[CLS] the man smuggled her the package . [SEP],[CLS] the man smuggled the package to her . [SEP],[CLS] the man smuggled the woman the package . [SEP],[CLS] the man smuggled the package to the woman . [SEP],,[CLS] the man smuggled the woman the package . [SEP],[CLS] the man smuggled the package to the woman . [SEP],[CLS] the man smuggled a woman the package . [SEP],[CLS] the man smuggled the package to a woman . [SEP],,[CLS] the man smuggled the woman the package . [SEP],[CLS] the man smuggled the package to the woman . [SEP],[CLS] the man smuggled the friend from childhood the package . [SEP],[CLS] the man smuggled the package to the friend from childhood . [SEP],,[CLS] the man smuggled the woman the package . [SEP],[CLS] the man smuggled the package to the woman . [SEP],[CLS] the man smuggled a friend from childhood the package . [SEP],[CLS] the man smuggled the package to a friend from childhood . [SEP]
[CLS] the woman smuggled him the package . [SEP],[CLS] the woman smuggled the package to him . [SEP],[CLS] the woman smuggled the man the package . [SEP],[CLS] the woman smuggled the package to the man . [SEP],,[CLS] the woman smuggled the man the package . [SEP],[CLS] the woman smuggled the package to the man . [SEP],[CLS] the woman smuggled a man the package . [SEP],[CLS] the woman smuggled the package to a man . [SEP],,[CLS] the woman smuggled the man the package . [SEP],[CLS] the woman smuggled the package to the man . [SEP],[CLS] the woman smuggled the friend from childhood the package . [SEP],[CLS] the woman smuggled the package to the friend from childhood . [SEP],,[CLS] the woman smuggled the man the package . [SEP],[CLS] the woman smuggled the package to the man . [SEP],[CLS] the woman smuggled a friend from childhood the package . [SEP],[CLS] the woman smuggled the package to a friend from childhood . [SEP]
[CLS] the man sneaked her the letter . [SEP],[CLS] the man sneaked the letter to her . [SEP],[CLS] the man sneaked the woman the letter . [SEP],[CLS] the man sneaked the letter to the woman . [SEP],,[CLS] the man sneaked the woman the letter . [SEP],[CLS] the man sneaked the letter to the woman . [SEP],[CLS] the man sneaked a woman the letter . [SEP],[CLS] the man sneaked the letter to a woman . [SEP],,[CLS] the man sneaked the woman the letter . [SEP],[CLS] the man sneaked the letter to the woman . [SEP],[CLS] the man sneaked the friend from childhood the letter . [SEP],[CLS] the man sneaked the letter to the friend from childhood . [SEP],,[CLS] the man sneaked the woman the letter . [SEP],[CLS] the man sneaked the letter to the woman . [SEP],[CLS] the man sneaked a friend from childhood the letter . [SEP],[CLS] the man sneaked the letter to a friend from childhood . [SEP]
[CLS] the woman sneaked him the letter . [SEP],[CLS] the woman sneaked the letter to him . [SEP],[CLS] the woman sneaked the man the letter . [SEP],[CLS] the woman sneaked the letter to the man . [SEP],,[CLS] the woman sneaked the man the letter . [SEP],[CLS] the woman sneaked the letter to the man . [SEP],[CLS] the woman sneaked a man the letter . [SEP],[CLS] the woman sneaked the letter to a man . [SEP],,[CLS] the woman sneaked the man the letter . [SEP],[CLS] the woman sneaked the letter to the man . [SEP],[CLS] the woman sneaked the friend from childhood the letter . [SEP],[CLS] the woman sneaked the letter to the friend from childhood . [SEP],,[CLS] the woman sneaked the man the letter . [SEP],[CLS] the woman sneaked the letter to the man . [SEP],[CLS] the woman sneaked a friend from childhood the letter . [SEP],[CLS] the woman sneaked the letter to a friend from childhood . [SEP]
[CLS] the man passed her the ball . [SEP],[CLS] the man passed the ball to her . [SEP],[CLS] the man passed the woman the ball . [SEP],[CLS] the man passed the ball to the woman . [SEP],,[CLS] the man passed the woman the ball . [SEP],[CLS] the man passed the ball to the woman . [SEP],[CLS] the man passed a woman the ball . [SEP],[CLS] the man passed the ball to a woman . [SEP],,[CLS] the man passed the woman the ball . [SEP],[CLS] the man passed the ball to the woman . [SEP],[CLS] the man passed the friend from childhood the ball . [SEP],[CLS] the man passed the ball to the friend from childhood . [SEP],,[CLS] the man passed the woman the ball . [SEP],[CLS] the man passed the ball to the woman . [SEP],[CLS] the man passed a friend from childhood the ball . [SEP],[CLS] the man passed the ball to a friend from childhood . [SEP]
[CLS] the woman passed him the ball . [SEP],[CLS] the woman passed the ball to him . [SEP],[CLS] the woman passed the man the ball . [SEP],[CLS] the woman passed the ball to the man . [SEP],,[CLS] the woman passed the man the ball . [SEP],[CLS] the woman passed the ball to the man . [SEP],[CLS] the woman passed a man the ball . [SEP],[CLS] the woman passed the ball to a man . [SEP],,[CLS] the woman passed the man the ball . [SEP],[CLS] the woman passed the ball to the man . [SEP],[CLS] the woman passed the friend from childhood the ball . [SEP],[CLS] the woman passed the ball to the friend from childhood . [SEP],,[CLS] the woman passed the man the ball . [SEP],[CLS] the woman passed the ball to the man . [SEP],[CLS] the woman passed a friend from childhood the ball . [SEP],[CLS] the woman passed the ball to a friend from childhood . [SEP]
[CLS] the man pitched her the ball . [SEP],[CLS] the man pitched the ball to her . [SEP],[CLS] the man pitched the woman the ball . [SEP],[CLS] the man pitched the ball to the woman . [SEP],,[CLS] the man pitched the woman the ball . [SEP],[CLS] the man pitched the ball to the woman . [SEP],[CLS] the man pitched a woman the ball . [SEP],[CLS] the man pitched the ball to a woman . [SEP],,[CLS] the man pitched the woman the ball . [SEP],[CLS] the man pitched the ball to the woman . [SEP],[CLS] the man pitched the friend from childhood the ball . [SEP],[CLS] the man pitched the ball to the friend from childhood . [SEP],,[CLS] the man pitched the woman the ball . [SEP],[CLS] the man pitched the ball to the woman . [SEP],[CLS] the man pitched a friend from childhood the ball . [SEP],[CLS] the man pitched the ball to a friend from childhood . [SEP]
[CLS] the woman pitched him the ball . [SEP],[CLS] the woman pitched the ball to him . [SEP],[CLS] the woman pitched the man the ball . [SEP],[CLS] the woman pitched the ball to the man . [SEP],,[CLS] the woman pitched the man the ball . [SEP],[CLS] the woman pitched the ball to the man . [SEP],[CLS] the woman pitched a man the ball . [SEP],[CLS] the woman pitched the ball to a man . [SEP],,[CLS] the woman pitched the man the ball . [SEP],[CLS] the woman pitched the ball to the man . [SEP],[CLS] the woman pitched the friend from childhood the ball . [SEP],[CLS] the woman pitched the ball to the friend from childhood . [SEP],,[CLS] the woman pitched the man the ball . [SEP],[CLS] the woman pitched the ball to the man . [SEP],[CLS] the woman pitched a friend from childhood the ball . [SEP],[CLS] the woman pitched the ball to a friend from childhood . [SEP]
[CLS] the man threw her the ball . [SEP],[CLS] the man threw the ball to her . [SEP],[CLS] the man threw the woman the ball . [SEP],[CLS] the man threw the ball to the woman . [SEP],,[CLS] the man threw the woman the ball . [SEP],[CLS] the man threw the ball to the woman . [SEP],[CLS] the man threw a woman the ball . [SEP],[CLS] the man threw the ball to a woman . [SEP],,[CLS] the man threw the woman the ball . [SEP],[CLS] the man threw the ball to the woman . [SEP],[CLS] the man threw the friend from childhood the ball . [SEP],[CLS] the man threw the ball to the friend from childhood . [SEP],,[CLS] the man threw the woman the ball . [SEP],[CLS] the man threw the ball to the woman . [SEP],[CLS] the man threw a friend from childhood the ball . [SEP],[CLS] the man threw the ball to a friend from childhood . [SEP]
[CLS] the woman threw him the ball . [SEP],[CLS] the woman threw the ball to him . [SEP],[CLS] the woman threw the man the ball . [SEP],[CLS] the woman threw the ball to the man . [SEP],,[CLS] the woman threw the man the ball . [SEP],[CLS] the woman threw the ball to the man . [SEP],[CLS] the woman threw a man the ball . [SEP],[CLS] the woman threw the ball to a man . [SEP],,[CLS] the woman threw the man the ball . [SEP],[CLS] the woman threw the ball to the man . [SEP],[CLS] the woman threw the friend from childhood the ball . [SEP],[CLS] the woman threw the ball to the friend from childhood . [SEP],,[CLS] the woman threw the man the ball . [SEP],[CLS] the woman threw the ball to the man . [SEP],[CLS] the woman threw a friend from childhood the ball . [SEP],[CLS] the woman threw the ball to a friend from childhood . [SEP]
[CLS] the man tipped her the ball . [SEP],[CLS] the man tipped the ball to her . [SEP],[CLS] the man tipped the woman the ball . [SEP],[CLS] the man tipped the ball to the woman . [SEP],,[CLS] the man tipped the woman the ball . [SEP],[CLS] the man tipped the ball to the woman . [SEP],[CLS] the man tipped a woman the ball . [SEP],[CLS] the man tipped the ball to a woman . [SEP],,[CLS] the man tipped the woman the ball . [SEP],[CLS] the man tipped the ball to the woman . [SEP],[CLS] the man tipped the friend from childhood the ball . [SEP],[CLS] the man tipped the ball to the friend from childhood . [SEP],,[CLS] the man tipped the woman the ball . [SEP],[CLS] the man tipped the ball to the woman . [SEP],[CLS] the man tipped a friend from childhood the ball . [SEP],[CLS] the man tipped the ball to a friend from childhood . [SEP]
[CLS] the woman tipped him the ball . [SEP],[CLS] the woman tipped the ball to him . [SEP],[CLS] the woman tipped the man the ball . [SEP],[CLS] the woman tipped the ball to the man . [SEP],,[CLS] the woman tipped the man the ball . [SEP],[CLS] the woman tipped the ball to the man . [SEP],[CLS] the woman tipped a man the ball . [SEP],[CLS] the woman tipped the ball to a man . [SEP],,[CLS] the woman tipped the man the ball . [SEP],[CLS] the woman tipped the ball to the man . [SEP],[CLS] the woman tipped the friend from childhood the ball . [SEP],[CLS] the woman tipped the ball to the friend from childhood . [SEP],,[CLS] the woman tipped the man the ball . [SEP],[CLS] the woman tipped the ball to the man . [SEP],[CLS] the woman tipped a friend from childhood the ball . [SEP],[CLS] the woman tipped the ball to a friend from childhood . [SEP]
[CLS] the man tossed her the ball . [SEP],[CLS] the man tossed the ball to her . [SEP],[CLS] the man tossed the woman the ball . [SEP],[CLS] the man tossed the ball to the woman . [SEP],,[CLS] the man tossed the woman the ball . [SEP],[CLS] the man tossed the ball to the woman . [SEP],[CLS] the man tossed a woman the ball . [SEP],[CLS] the man tossed the ball to a woman . [SEP],,[CLS] the man tossed the woman the ball . [SEP],[CLS] the man tossed the ball to the woman . [SEP],[CLS] the man tossed the friend from childhood the ball . [SEP],[CLS] the man tossed the ball to the friend from childhood . [SEP],,[CLS] the man tossed the woman the ball . [SEP],[CLS] the man tossed the ball to the woman . [SEP],[CLS] the man tossed a friend from childhood the ball . [SEP],[CLS] the man tossed the ball to a friend from childhood . [SEP]
[CLS] the woman tossed him the ball . [SEP],[CLS] the woman tossed the ball to him . [SEP],[CLS] the woman tossed the man the ball . [SEP],[CLS] the woman tossed the ball to the man . [SEP],,[CLS] the woman tossed the man the ball . [SEP],[CLS] the woman tossed the ball to the man . [SEP],[CLS] the woman tossed a man the ball . [SEP],[CLS] the woman tossed the ball to a man . [SEP],,[CLS] the woman tossed the man the ball . [SEP],[CLS] the woman tossed the ball to the man . [SEP],[CLS] the woman tossed the friend from childhood the ball . [SEP],[CLS] the woman tossed the ball to the friend from childhood . [SEP],,[CLS] the woman tossed the man the ball . [SEP],[CLS] the woman tossed the ball to the man . [SEP],[CLS] the woman tossed a friend from childhood the ball . [SEP],[CLS] the woman tossed the ball to a friend from childhood . [SEP]
[CLS] the man asked her the question . [SEP],[CLS] the man asked the question to her . [SEP],[CLS] the man asked the woman the question . [SEP],[CLS] the man asked the question to the woman . [SEP],,[CLS] the man asked the woman the question . [SEP],[CLS] the man asked the question to the woman . [SEP],[CLS] the man asked a woman the question . [SEP],[CLS] the man asked the question to a woman . [SEP],,[CLS] the man asked the woman the question . [SEP],[CLS] the man asked the question to the woman . [SEP],[CLS] the man asked the friend from childhood the question . [SEP],[CLS] the man asked the question to the friend from childhood . [SEP],,[CLS] the man asked the woman the question . [SEP],[CLS] the man asked the question to the woman . [SEP],[CLS] the man asked a friend from childhood the question . [SEP],[CLS] the man asked the question to a friend from childhood . [SEP]
[CLS] the woman asked him the question . [SEP],[CLS] the woman asked the question to him . [SEP],[CLS] the woman asked the man the question . [SEP],[CLS] the woman asked the question to the man . [SEP],,[CLS] the woman asked the man the question . [SEP],[CLS] the woman asked the question to the man . [SEP],[CLS] the woman asked a man the question . [SEP],[CLS] the woman asked the question to a man . [SEP],,[CLS] the woman asked the man the question . [SEP],[CLS] the woman asked the question to the man . [SEP],[CLS] the woman asked the friend from childhood the question . [SEP],[CLS] the woman asked the question to the friend from childhood . [SEP],,[CLS] the woman asked the man the question . [SEP],[CLS] the woman asked the question to the man . [SEP],[CLS] the woman asked a friend from childhood the question . [SEP],[CLS] the woman asked the question to a friend from childhood . [SEP]
[CLS] the man read her the story . [SEP],[CLS] the man read the story to her . [SEP],[CLS] the man read the woman the story . [SEP],[CLS] the man read the story to the woman . [SEP],,[CLS] the man read the woman the story . [SEP],[CLS] the man read the story to the woman . [SEP],[CLS] the man read a woman the story . [SEP],[CLS] the man read the story to a woman . [SEP],,[CLS] the man read the woman the story . [SEP],[CLS] the man read the story to the woman . [SEP],[CLS] the man read the friend from childhood the story . [SEP],[CLS] the man read the story to the friend from childhood . [SEP],,[CLS] the man read the woman the story . [SEP],[CLS] the man read the story to the woman . [SEP],[CLS] the man read a friend from childhood the story . [SEP],[CLS] the man read the story to a friend from childhood . [SEP]
[CLS] the woman read him the story . [SEP],[CLS] the woman read the story to him . [SEP],[CLS] the woman read the man the story . [SEP],[CLS] the woman read the story to the man . [SEP],,[CLS] the woman read the man the story . [SEP],[CLS] the woman read the story to the man . [SEP],[CLS] the woman read a man the story . [SEP],[CLS] the woman read the story to a man . [SEP],,[CLS] the woman read the man the story . [SEP],[CLS] the woman read the story to the man . [SEP],[CLS] the woman read the friend from childhood the story . [SEP],[CLS] the woman read the story to the friend from childhood . [SEP],,[CLS] the woman read the man the story . [SEP],[CLS] the woman read the story to the man . [SEP],[CLS] the woman read a friend from childhood the story . [SEP],[CLS] the woman read the story to a friend from childhood . [SEP]
[CLS] the man relayed her the message . [SEP],[CLS] the man relayed the message to her . [SEP],[CLS] the man relayed the woman the message . [SEP],[CLS] the man relayed the message to the woman . [SEP],,[CLS] the man relayed the woman the message . [SEP],[CLS] the man relayed the message to the woman . [SEP],[CLS] the man relayed a woman the message . [SEP],[CLS] the man relayed the message to a woman . [SEP],,[CLS] the man relayed the woman the message . [SEP],[CLS] the man relayed the message to the woman . [SEP],[CLS] the man relayed the friend from childhood the message . [SEP],[CLS] the man relayed the message to the friend from childhood . [SEP],,[CLS] the man relayed the woman the message . [SEP],[CLS] the man relayed the message to the woman . [SEP],[CLS] the man relayed a friend from childhood the message . [SEP],[CLS] the man relayed the message to a friend from childhood . [SEP]
[CLS] the woman relayed him the message . [SEP],[CLS] the woman relayed the message to him . [SEP],[CLS] the woman relayed the man the message . [SEP],[CLS] the woman relayed the message to the man . [SEP],,[CLS] the woman relayed the man the message . [SEP],[CLS] the woman relayed the message to the man . [SEP],[CLS] the woman relayed a man the message . [SEP],[CLS] the woman relayed the message to a man . [SEP],,[CLS] the woman relayed the man the message . [SEP],[CLS] the woman relayed the message to the man . [SEP],[CLS] the woman relayed the friend from childhood the message . [SEP],[CLS] the woman relayed the message to the friend from childhood . [SEP],,[CLS] the woman relayed the man the message . [SEP],[CLS] the woman relayed the message to the man . [SEP],[CLS] the woman relayed a friend from childhood the message . [SEP],[CLS] the woman relayed the message to a friend from childhood . [SEP]
[CLS] the man showed her the message . [SEP],[CLS] the man showed the message to her . [SEP],[CLS] the man showed the woman the message . [SEP],[CLS] the man showed the message to the woman . [SEP],,[CLS] the man showed the woman the message . [SEP],[CLS] the man showed the message to the woman . [SEP],[CLS] the man showed a woman the message . [SEP],[CLS] the man showed the message to a woman . [SEP],,[CLS] the man showed the woman the message . [SEP],[CLS] the man showed the message to the woman . [SEP],[CLS] the man showed the friend from childhood the message . [SEP],[CLS] the man showed the message to the friend from childhood . [SEP],,[CLS] the man showed the woman the message . [SEP],[CLS] the man showed the message to the woman . [SEP],[CLS] the man showed a friend from childhood the message . [SEP],[CLS] the man showed the message to a friend from childhood . [SEP]
[CLS] the woman showed him the message . [SEP],[CLS] the woman showed the message to him . [SEP],[CLS] the woman showed the man the message . [SEP],[CLS] the woman showed the message to the man . [SEP],,[CLS] the woman showed the man the message . [SEP],[CLS] the woman showed the message to the man . [SEP],[CLS] the woman showed a man the message . [SEP],[CLS] the woman showed the message to a man . [SEP],,[CLS] the woman showed the man the message . [SEP],[CLS] the woman showed the message to the man . [SEP],[CLS] the woman showed the friend from childhood the message . [SEP],[CLS] the woman showed the message to the friend from childhood . [SEP],,[CLS] the woman showed the man the message . [SEP],[CLS] the woman showed the message to the man . [SEP],[CLS] the woman showed a friend from childhood the message . [SEP],[CLS] the woman showed the message to a friend from childhood . [SEP]
[CLS] the man taught her the lesson . [SEP],[CLS] the man taught the lesson to her . [SEP],[CLS] the man taught the woman the lesson . [SEP],[CLS] the man taught the lesson to the woman . [SEP],,[CLS] the man taught the woman the lesson . [SEP],[CLS] the man taught the lesson to the woman . [SEP],[CLS] the man taught a woman the lesson . [SEP],[CLS] the man taught the lesson to a woman . [SEP],,[CLS] the man taught the woman the lesson . [SEP],[CLS] the man taught the lesson to the woman . [SEP],[CLS] the man taught the friend from childhood the lesson . [SEP],[CLS] the man taught the lesson to the friend from childhood . [SEP],,[CLS] the man taught the woman the lesson . [SEP],[CLS] the man taught the lesson to the woman . [SEP],[CLS] the man taught a friend from childhood the lesson . [SEP],[CLS] the man taught the lesson to a friend from childhood . [SEP]
[CLS] the woman taught him the lesson . [SEP],[CLS] the woman taught the lesson to him . [SEP],[CLS] the woman taught the man the lesson . [SEP],[CLS] the woman taught the lesson to the man . [SEP],,[CLS] the woman taught the man the lesson . [SEP],[CLS] the woman taught the lesson to the man . [SEP],[CLS] the woman taught a man the lesson . [SEP],[CLS] the woman taught the lesson to a man . [SEP],,[CLS] the woman taught the man the lesson . [SEP],[CLS] the woman taught the lesson to the man . [SEP],[CLS] the woman taught the friend from childhood the lesson . [SEP],[CLS] the woman taught the lesson to the friend from childhood . [SEP],,[CLS] the woman taught the man the lesson . [SEP],[CLS] the woman taught the lesson to the man . [SEP],[CLS] the woman taught a friend from childhood the lesson . [SEP],[CLS] the woman taught the lesson to a friend from childhood . [SEP]
[CLS] the man told her the message . [SEP],[CLS] the man told the message to her . [SEP],[CLS] the man told the woman the message . [SEP],[CLS] the man told the message to the woman . [SEP],,[CLS] the man told the woman the message . [SEP],[CLS] the man told the message to the woman . [SEP],[CLS] the man told a woman the message . [SEP],[CLS] the man told the message to a woman . [SEP],,[CLS] the man told the woman the message . [SEP],[CLS] the man told the message to the woman . [SEP],[CLS] the man told the friend from childhood the message . [SEP],[CLS] the man told the message to the friend from childhood . [SEP],,[CLS] the man told the woman the message . [SEP],[CLS] the man told the message to the woman . [SEP],[CLS] the man told a friend from childhood the message . [SEP],[CLS] the man told the message to a friend from childhood . [SEP]
[CLS] the woman told him the message . [SEP],[CLS] the woman told the message to him . [SEP],[CLS] the woman told the man the message . [SEP],[CLS] the woman told the message to the man . [SEP],,[CLS] the woman told the man the message . [SEP],[CLS] the woman told the message to the man . [SEP],[CLS] the woman told a man the message . [SEP],[CLS] the woman told the message to a man . [SEP],,[CLS] the woman told the man the message . [SEP],[CLS] the woman told the message to the man . [SEP],[CLS] the woman told the friend from childhood the message . [SEP],[CLS] the woman told the message to the friend from childhood . [SEP],,[CLS] the woman told the man the message . [SEP],[CLS] the woman told the message to the man . [SEP],[CLS] the woman told a friend from childhood the message . [SEP],[CLS] the woman told the message to a friend from childhood . [SEP]
[CLS] the man wrote her the message . [SEP],[CLS] the man wrote the message to her . [SEP],[CLS] the man wrote the woman the message . [SEP],[CLS] the man wrote the message to the woman . [SEP],,[CLS] the man wrote the woman the message . [SEP],[CLS] the man wrote the message to the woman . [SEP],[CLS] the man wrote a woman the message . [SEP],[CLS] the man wrote the message to a woman . [SEP],,[CLS] the man wrote the woman the message . [SEP],[CLS] the man wrote the message to the woman . [SEP],[CLS] the man wrote the friend from childhood the message . [SEP],[CLS] the man wrote the message to the friend from childhood . [SEP],,[CLS] the man wrote the woman the message . [SEP],[CLS] the man wrote the message to the woman . [SEP],[CLS] the man wrote a friend from childhood the message . [SEP],[CLS] the man wrote the message to a friend from childhood . [SEP]
[CLS] the woman wrote him the message . [SEP],[CLS] the woman wrote the message to him . [SEP],[CLS] the woman wrote the man the message . [SEP],[CLS] the woman wrote the message to the man . [SEP],,[CLS] the woman wrote the man the message . [SEP],[CLS] the woman wrote the message to the man . [SEP],[CLS] the woman wrote a man the message . [SEP],[CLS] the woman wrote the message to a man . [SEP],,[CLS] the woman wrote the man the message . [SEP],[CLS] the woman wrote the message to the man . [SEP],[CLS] the woman wrote the friend from childhood the message . [SEP],[CLS] the woman wrote the message to the friend from childhood . [SEP],,[CLS] the woman wrote the man the message . [SEP],[CLS] the woman wrote the message to the man . [SEP],[CLS] the woman wrote a friend from childhood the message . [SEP],[CLS] the woman wrote the message to a friend from childhood . [SEP]